{"title":"Cycling, sport","description":"Cycling 11.40 km in 39:11 min (17.46 km/hr)","source":"Endomondo","startTime":{"time":"2013-01-26T10:03:24Z"},"distance":11399.99961853027,"duration":2351,"avgSpeed":4.849000263092419,"maxSpeed":0,"calories":423,"avgHeartrate":0,"maxHeartrate":0,"avgCadence":0,"maxCadence":0,"steps":0,"elevationGain":0,"elevationLoss":0,"minElevation":0,"maxElevation":0,"activityType":{"internalId":500,"internalName":"Cycling","sourceName":"Cycling, sport"},"sourceId":"em_154198733","laps":[]}